"URL","Title","Character Length","Pixel Length","Description","Character Length","Pixel Length"
"https://knightlogics.com/","Custom Websites & Local SEO — Tampa Bay | Knight Logics","55","532","Custom websites, local SEO & Google Business optimization for Tampa Bay small businesses. Hand-coded sites that rank, convert, and support real operations — built by Knight Logics.","180","1133"
"https://knightlogics.com/case-study-screen-team","Growth System Case Study — Screen Team LLC | Knight Logics","58","563","Case study: ScreenTeamLLC.com — Growth System build by Knight Logics. Tampa Bay screen repair website with CRM, email automation, social systems, and directory foundation.","171","1111"
"https://knightlogics.com/pricing","Redirecting to Pricing | Knight Logics","38","327","Compare Tampa Bay web design, local SEO, Google Business Profile, e-commerce, CRM, and automation pricing from Knight Logics. Starter websites from $500, local launch packages from $1,997, and monthly visibility plans from $197/mo.","231","1479"
"https://knightlogics.com/pixelforge-ai","PixelForge AI | Knight Logics","29","254","PixelForge AI by Knight Logics: Windows desktop video upscaling app for local enhancement, restoration, compare previews, ETA estimation, and direct GitHub-powered updates.","172","1095"
"https://knightlogics.com/service-desktop-apps","Custom Desktop Applications & Software — Tampa Bay | Knight Logics","66","628","Custom Windows desktop applications by Knight Logics. Shipped products include PixelForge AI, Display Control+, and VideoForge Studio — built, packaged & distributed via GitHub Releases.","186","1172"
"https://knightlogics.com/case-study-jns","Local Launch Plus Case Study — JNSBuilds.com | Knight Logics","60","564","Case study: JNSBuilds.com — Local Launch Plus build by Knight Logics with 11 pages, FAQPage schema, analytics, and full technical SEO foundations.","146","932"
"https://knightlogics.com/case-study-knight-group","Growth System Case Study — KnightGroup.com | Knight Logics","58","560","Case study: KnightGroup.com — Growth System build by Knight Logics combining a local-service website, booking flow, SEO, and supporting operations workflows.","157","1008"
"https://knightlogics.com/service-websites","Custom Website Design & Local SEO — Tampa Bay | Knight Logics","61","588","Custom website design & local SEO for Tampa Bay small businesses. Hand-coded sites with Google Business Profile optimization, schema markup & Search Console setup. Get found, get calls.","185","1180"
"https://knightlogics.com/book-consultation","Book a Consultation | Knight Logics","35","314","Book a consultation with Knight Logics for Tampa Bay web design, local SEO, Google Business Profile optimization, e-commerce, automation, or custom software. Request a preferred time and get a response within 24 hours.","218","1379"
"https://knightlogics.com/videoforge","VideoForge Studio | Knight Logics","33","300","VideoForge Studio by Knight Logics: Windows-first local video production app for ranked videos with FFmpeg rendering, overlays, optional narration, and export-ready output.","172","1071"
"https://knightlogics.com/service-ai-automation","Business Automation & API Integration — Tampa Bay | Knight Logics","65","607","Business automation, workflow systems & API integration for Tampa Bay companies. Cut manual work, reduce errors, and connect your tools with custom-built automations by Knight Logics.","183","1178"
"https://knightlogics.com/contact","Contact Knight Logics | Tampa Bay Web Design, SEO & Automation","62","595","Contact Knight Logics for Tampa Bay web design, local SEO, Google Business Profile optimization, e-commerce, or automation help. Free consultation and direct response within 24 hours.","183","1152"
"https://knightlogics.com/case-study-moms-resin-tables","E-Commerce Launch Case Study — Mom's Resin Tables | Knight Logics","65","631","Case study: MomsResinTables.com — E-Commerce Launch by Knight Logics. Handcrafted resin tabletop storefront with custom builder, user login, order tracking, and Stripe checkout.","177","1129"
"https://knightlogics.com/display-control-plus","Display Control+ | Knight Logics","32","281","Display Control+ by Knight Logics: professional Windows utility for per-monitor OLED/LCD protection with tray controls, idle detection modes, and persistent overlay workflows.","175","1082"
"https://knightlogics.com/service-ecommerce","E-Commerce Development — Tampa Bay Shopify, Firebase & Stripe | Knight Logics","77","734","Custom e-commerce development for Tampa Bay businesses. Shopify alternatives, Firebase + Stripe storefronts, and data systems built to your spec — no platform lock-in, no monthly fees.","184","1158"
"https://knightlogics.com/auto-vid-compiler","Auto Vid Compiler | Knight Logics","33","298","Auto Vid Compiler by Knight Logics: open-source Windows app that turns a folder of clips into a highlight reel. Trim endings, add intro and music, export one YouTube-ready video.","178","1094"
"https://knightlogics.com/case-study-sals-painting","Search-Ready Starter Case Study — Sal's Painting | Knight Logics","64","576","Case study: Sal's Painting — Search-Ready Starter by Knight Logics. Multi-page painter website with GA4, Clarity, GSC setup, and core technical SEO foundation.","159","985"
"https://knightlogics.com/case-study-farrell-electric","Preview Launch Site Case Study — Farrell Electric | Knight Logics","65","577","Case study: Farrell Electric — Preview Launch Site by Knight Logics. Multi-page electrician website on GitHub Pages with essential SEO and contact form.","152","940"
"https://knightlogics.com/?openPackage=ecommerce-growth-store","Custom Websites & Local SEO — Tampa Bay | Knight Logics","55","532","Custom websites, local SEO & Google Business optimization for Tampa Bay small businesses. Hand-coded sites that rank, convert, and support real operations — built by Knight Logics.","180","1133"
"https://knightlogics.com/?openPackage=website-local-launch-plus","Custom Websites & Local SEO — Tampa Bay | Knight Logics","55","532","Custom websites, local SEO & Google Business optimization for Tampa Bay small businesses. Hand-coded sites that rank, convert, and support real operations — built by Knight Logics.","180","1133"
"https://knightlogics.com/?openPackage=monthly-visibility-pro","Custom Websites & Local SEO — Tampa Bay | Knight Logics","55","532","Custom websites, local SEO & Google Business optimization for Tampa Bay small businesses. Hand-coded sites that rank, convert, and support real operations — built by Knight Logics.","180","1133"
"https://knightlogics.com/?openPackage=monthly-growth-management","Custom Websites & Local SEO — Tampa Bay | Knight Logics","55","532","Custom websites, local SEO & Google Business optimization for Tampa Bay small businesses. Hand-coded sites that rank, convert, and support real operations — built by Knight Logics.","180","1133"
"https://knightlogics.com/?openPackage=ops-growth-system-starter","Custom Websites & Local SEO — Tampa Bay | Knight Logics","55","532","Custom websites, local SEO & Google Business optimization for Tampa Bay small businesses. Hand-coded sites that rank, convert, and support real operations — built by Knight Logics.","180","1133"
"https://knightlogics.com/?openPackage=ops-custom-automation-system","Custom Websites & Local SEO — Tampa Bay | Knight Logics","55","532","Custom websites, local SEO & Google Business optimization for Tampa Bay small businesses. Hand-coded sites that rank, convert, and support real operations — built by Knight Logics.","180","1133"
"https://knightlogics.com/?openPackage=monthly-visibility-standard","Custom Websites & Local SEO — Tampa Bay | Knight Logics","55","532","Custom websites, local SEO & Google Business optimization for Tampa Bay small businesses. Hand-coded sites that rank, convert, and support real operations — built by Knight Logics.","180","1133"
"https://knightlogics.com/?openPackage=ecommerce-launch","Custom Websites & Local SEO — Tampa Bay | Knight Logics","55","532","Custom websites, local SEO & Google Business optimization for Tampa Bay small businesses. Hand-coded sites that rank, convert, and support real operations — built by Knight Logics.","180","1133"
"https://knightlogics.com/?openPackage=website-search-foundation-plus","Custom Websites & Local SEO — Tampa Bay | Knight Logics","55","532","Custom websites, local SEO & Google Business optimization for Tampa Bay small businesses. Hand-coded sites that rank, convert, and support real operations — built by Knight Logics.","180","1133"
"https://knightlogics.com/?openPackage=website-live-essential","Custom Websites & Local SEO — Tampa Bay | Knight Logics","55","532","Custom websites, local SEO & Google Business optimization for Tampa Bay small businesses. Hand-coded sites that rank, convert, and support real operations — built by Knight Logics.","180","1133"
"https://knightlogics.com/?openPackage=website-local-seo-starter","Custom Websites & Local SEO — Tampa Bay | Knight Logics","55","532","Custom websites, local SEO & Google Business optimization for Tampa Bay small businesses. Hand-coded sites that rank, convert, and support real operations — built by Knight Logics.","180","1133"
"https://knightlogics.com/?openPackage=ecommerce-payment-links","Custom Websites & Local SEO — Tampa Bay | Knight Logics","55","532","Custom websites, local SEO & Google Business optimization for Tampa Bay small businesses. Hand-coded sites that rank, convert, and support real operations — built by Knight Logics.","180","1133"
"https://knightlogics.com/?openPackage=monthly-local-seo-starter","Custom Websites & Local SEO — Tampa Bay | Knight Logics","55","532","Custom websites, local SEO & Google Business optimization for Tampa Bay small businesses. Hand-coded sites that rank, convert, and support real operations — built by Knight Logics.","180","1133"
"https://knightlogics.com/?openPackage=ops-simple-lead-tracker","Custom Websites & Local SEO — Tampa Bay | Knight Logics","55","532","Custom websites, local SEO & Google Business optimization for Tampa Bay small businesses. Hand-coded sites that rank, convert, and support real operations — built by Knight Logics.","180","1133"
"https://knightlogics.com/?openPackage=ops-job-records-system","Custom Websites & Local SEO — Tampa Bay | Knight Logics","55","532","Custom websites, local SEO & Google Business optimization for Tampa Bay small businesses. Hand-coded sites that rank, convert, and support real operations — built by Knight Logics.","180","1133"
"https://knightlogics.com/?openPackage=website-search-foundation","Custom Websites & Local SEO — Tampa Bay | Knight Logics","55","532","Custom websites, local SEO & Google Business optimization for Tampa Bay small businesses. Hand-coded sites that rank, convert, and support real operations — built by Knight Logics.","180","1133"
"https://knightlogics.com/?openPackage=ecommerce-advanced-system","Custom Websites & Local SEO — Tampa Bay | Knight Logics","55","532","Custom websites, local SEO & Google Business optimization for Tampa Bay small businesses. Hand-coded sites that rank, convert, and support real operations — built by Knight Logics.","180","1133"
"https://knightlogics.com/?openPackage=website-live-plus","Custom Websites & Local SEO — Tampa Bay | Knight Logics","55","532","Custom websites, local SEO & Google Business optimization for Tampa Bay small businesses. Hand-coded sites that rank, convert, and support real operations — built by Knight Logics.","180","1133"
"https://knightlogics.com/?openPackage=website-preview-launch","Custom Websites & Local SEO — Tampa Bay | Knight Logics","55","532","Custom websites, local SEO & Google Business optimization for Tampa Bay small businesses. Hand-coded sites that rank, convert, and support real operations — built by Knight Logics.","180","1133"
"https://knightlogics.com/?openPackage=ecommerce-preview-catalog","Custom Websites & Local SEO — Tampa Bay | Knight Logics","55","532","Custom websites, local SEO & Google Business optimization for Tampa Bay small businesses. Hand-coded sites that rank, convert, and support real operations — built by Knight Logics.","180","1133"
"https://knightlogics.com/?openPackage=ops-automated-job-records","Custom Websites & Local SEO — Tampa Bay | Knight Logics","55","532","Custom websites, local SEO & Google Business optimization for Tampa Bay small businesses. Hand-coded sites that rank, convert, and support real operations — built by Knight Logics.","180","1133"
"https://knightlogics.com/?openPackage=ops-contractor-crm-starter","Custom Websites & Local SEO — Tampa Bay | Knight Logics","55","532","Custom websites, local SEO & Google Business optimization for Tampa Bay small businesses. Hand-coded sites that rank, convert, and support real operations — built by Knight Logics.","180","1133"
"https://knightlogics.com/?openPackage=ops-full-growth-system","Custom Websites & Local SEO — Tampa Bay | Knight Logics","55","532","Custom websites, local SEO & Google Business optimization for Tampa Bay small businesses. Hand-coded sites that rank, convert, and support real operations — built by Knight Logics.","180","1133"
